,Tag Code,Date,Location,State/Province,ZIP/PC,Country,First Name,Notes,Years,Location
0,AACT584,,,,,,,,2022.0,El Rosario
1,AAHP562,,,,,,,,2022.0,El Rosario
2,AANY296,,,,,,,,2022.0,El Rosario
3,AAPW156,,,,,,,,2022.0,El Rosario
4,AARG636,,,,,,,,2022.0,Cerro Pelon
5,ABJU326,,,,,,,,2022.0,El Rosario
6,ABMG468,,,,,,,,2022.0,El Rosario
7,ABPA067,,,,,,,,2022.0,El Rosario
8,ABPM129,,,,,,,,2022.0,El Rosario
9,ABPT560,,,,,,,,2022.0,El Rosario
10,ABRL784,,,,,,,,2022.0,El Rosario
11,ABUC953,,,,,,,,2022.0,El Rosario
12,ABUL045,,,,,,,,2022.0,El Rosario
13,ABUR349,,,,,,,,2022.0,El Rosario
14,ABWR816,,,,,,,,2022.0,Cerro Pelon
15,ABWS147,,,,,,,,2022.0,El Rosario
16,ABXU433,,,,,,,,2022.0,El Rosario
17,ABXX245,,,,,,,,2022.0,El Rosario
18,ABXX742,,,,,,,,2022.0,El Rosario
19,ABYL554,,,,,,,,2022.0,El Rosario
20,ACAU249,,,,,,,,2022.0,El Rosario
21,ACBW732,,,,,,,,2022.0,El Rosario
22,ACBZ334,,,,,,,,2022.0,El Rosario
23,ACEE730,,,,,,,,2022.0,El Rosario
24,ACEG589,,,,,,,,2022.0,El Rosario
25,ACGG335,,,,,,,,2022.0,El Rosario
26,ACJG694,,,,,,,,2022.0,El Rosario
27,ACJY489,,,,,,,,2022.0,El Rosario
28,ACJZ048,,,,,,,,2022.0,El Rosario
29,ACLA307,,,,,,,,2022.0,El Rosario
30,ACLB013,,,,,,,,2022.0,El Rosario
31,ACLS033,,,,,,,,2022.0,El Rosario
32,ACLZ745,,,,,,,,2022.0,El Rosario
33,ACNB508,,,,,,,,2022.0,El Rosario
34,ACPG693,,,,,,,,2022.0,El Rosario
35,ACSR743,,,,,,,,2022.0,El Rosario
36,ACSW106,,,,,,,,2022.0,El Rosario
37,ACSZ304,,,,,,,,2022.0,El Rosario
38,ACTA327,,,,,,,,2022.0,El Rosario
39,ACTG764,,,,,,,,2022.0,El Rosario
40,ACTH388,,,,,,,,2022.0,El Rosario
41,ACUG117,,,,,,,,2022.0,El Rosario
42,ACUL421,,,,,,,,2022.0,El Rosario
43,ACUW493,,,,,,,,2022.0,El Rosario
44,ACWG235,,,,,,,,2022.0,El Rosario
45,ACWG739,,,,,,,,2022.0,El Rosario
46,ACWH930,,,,,,,,2022.0,Cerro Pelon
47,ACWN856,,,,,,,,2022.0,Cerro Pelon
48,ACWW652,,,,,,,,2022.0,El Rosario
49,ACWW701,,,,,,,,2022.0,El Rosario
50,ACWX857,,,,,,,,2022.0,El Rosario
51,ACWZ456,,,,,,,,2022.0,El Rosario
52,ACXB534,,,,,,,,2022.0,Cerro Pelon
53,ACXC138,,,,,,,,2022.0,El Rosario
54,ACXC970,,,,,,,,2022.0,El Rosario
55,ACXG324,,,,,,,,2022.0,El Rosario
56,ACXH571,,,,,,,,2022.0,El Rosario
57,ACXL143,,,,,,,,2022.0,El Rosario
58,ACXL768,,,,,,,,2022.0,El Rosario
59,ACXN927,,,,,,,,2022.0,El Rosario
60,ACXS997,,,,,,,,2022.0,Las Palmas
61,ACXU107,,,,,,,,2022.0,El Rosario
62,ACXW015,,,,,,,,2022.0,El Rosario
63,ACXW309,,,,,,,,2022.0,El Rosario
64,ACXX466,,,,,,,,2022.0,El Rosario
65,ACXY638,,,,,,,,2022.0,El Rosario
66,ACXY805,,,,,,,,2022.0,Cerro Pelon
67,ACYJ405,,,,,,,,2022.0,El Rosario
68,ACYX804,,,,,,,,2022.0,El Rosario
69,ACYY387,,,,,,,,2022.0,El Rosario
70,ACYZ411,,,,,,,,2022.0,El Rosario
71,ACZA162,,,,,,,,2022.0,El Rosario
72,AEAM012,,,,,,,,2022.0,El Rosario
73,AEAM219,,,,,,,,2022.0,El Rosario
74,AEBP146,,,,,,,,2022.0,El Rosario
75,AEBP473,,,,,,,,2022.0,Cerro Pelon
76,AEBP562,,,,,,,,2022.0,El Rosario
77,AEBW881,,,,,,,,2022.0,Cerro Pelon
78,AEBW979,,,,,,,,2022.0,El Rosario
79,AECA906,,,,,,,,2022.0,Cerro Pelon
80,AECB492,,,,,,,,2022.0,El Rosario
81,AECG681,,,,,,,,2022.0,El Rosario
82,AECJ433,,,,,,,,2022.0,El Rosario
83,AECJ704,,,,,,,,2022.0,El Rosario
84,AECR369,,,,,,,,2022.0,El Rosario
85,AECT304,,,,,,,,2022.0,El Rosario
86,AECU102,,,,,,,,2022.0,El Rosario
87,AECU456,,,,,,,,2022.0,Cerro Pelon
88,AECW069,,,,,,,,2022.0,El Rosario
89,AECY948,,,,,,,,2022.0,El Rosario
90,AEEA821,,,,,,,,2022.0,El Rosario
91,AEEE273,,,,,,,,2022.0,El Rosario
92,AEEG729,,,,,,,,2022.0,El Rosario
93,AEEH069,,,,,,,,2022.0,El Rosario
94,AEEL334,,,,,,,,2022.0,Cerro Pelon
95,AEEL936,,,,,,,,2022.0,El Rosario
96,AEER760,,,,,,,,2022.0,El Rosario
97,AEET835,,,,,,,,2022.0,El Rosario
98,AEGC131,,,,,,,,2022.0,El Rosario
99,AEGW478,,,,,,,,2022.0,El Rosario
100,AEHU735,,,,,,,,2022.0,El Rosario
101,AEJJ562,,,,,,,,2022.0,El Rosario
102,AEJT237,,,,,,,,2022.0,El Rosario
103,AEJT601,,,,,,,,2022.0,El Rosario
104,AEJW010,,,,,,,,2022.0,El Rosario
105,AEJW383,,,,,,,,2022.0,El Rosario
106,AELG018,,,,,,,,2022.0,Cerro Pelon
107,AELL809,,,,,,,,2022.0,El Rosario
108,AELX135,,,,,,,,2022.0,Cerro Pelon
109,AEMB114,,,,,,,,2022.0,El Rosario
110,AEMC511,,,,,,,,2022.0,El Rosario
111,AEMC623,,,,,,,,2022.0,El Rosario
112,AEME909,,,,,,,,2022.0,El Rosario
113,AEMG347,,,,,,,,2022.0,El Rosario
114,AEMJ311,,,,,,,,2022.0,El Rosario
115,AEMN206,,,,,,,,2022.0,El Rosario
116,AEMP319,,,,,,,,2022.0,El Rosario
117,AEMP901,,,,,,,,2022.0,El Rosario
118,AEMR675,,,,,,,,2022.0,El Rosario
119,AEMT030,,,,,,,,2022.0,El Rosario
120,AEMU158,,,,,,,,2022.0,El Rosario
121,AEMU487,,,,,,,,2022.0,El Rosario
122,AEMW943,,,,,,,,2022.0,El Rosario
123,AEMX280,,,,,,,,2022.0,El Rosario
124,AENT042,,,,,,,,2022.0,El Rosario
125,AENU700,,,,,,,,2022.0,Cerro Pelon
126,AENY846,,,,,,,,2022.0,Sierra Chincua
127,AEPC600,,,,,,,,2022.0,Cerro Pelon
128,AEPJ749,,,,,,,,2022.0,El Rosario
129,AEPZ186,,,,,,,,2022.0,El Rosario
130,AERB205,,,,,,,,2022.0,El Rosario
131,AERS855,,,,,,,,2022.0,El Rosario
132,AERS971,,,,,,,,2022.0,El Rosario
133,AERU176,,,,,,,,2022.0,El Rosario
134,AERU218,,,,,,,,2022.0,El Rosario
135,AERX051,,,,,,,,2022.0,El Rosario
136,AERX221,,,,,,,,2022.0,El Rosario
137,AERY079,,,,,,,,2022.0,El Rosario
138,AERY437,,,,,,,,2022.0,El Rosario
139,AESH737,,,,,,,,2022.0,Cerro Pelon
140,AESJ706,,,,,,,,2022.0,El Rosario
141,AESL660,,,,,,,,2022.0,El Rosario
142,AETC250,,,,,,,,2022.0,Sierra Chincua
143,AETH681,,,,,,,,2022.0,El Rosario
144,AETJ142,,,,,,,,2022.0,El Rosario
145,AETS313,,,,,,,,2022.0,Cerro Pelon
146,AEUE792,,,,,,,,2022.0,Cerro Pelon
147,AEUH847,,,,,,,,2022.0,El Rosario
148,AEUJ166,,,,,,,,2022.0,El Rosario
149,AEUL002,,,,,,,,2022.0,El Rosario
150,AEUL434,,,,,,,,2022.0,El Rosario
151,AEUU758,,,,,,,,2022.0,El Rosario
152,AEWC527,,,,,,,,2022.0,El Rosario
153,AEWN914,,,,,,,,2022.0,El Rosario
154,AEWS657,,,,,,,,2022.0,Cerro Pelon
155,AEWU269,,,,,,,,2022.0,El Rosario
156,AEXB009,,,,,,,,2022.0,El Rosario
157,AEXX885,,,,,,,,2022.0,El Rosario
158,AEYT475,,,,,,,,2022.0,El Rosario
159,AEYY248,,,,,,,,2022.0,El Rosario
160,AEZC293,,,,,,,,2022.0,El Rosario
161,AEZC464,,,,,,,,2022.0,El Rosario
162,AEZE897,,,,,,,,2022.0,Atlautla
163,AEZG322,,,,,,,,2022.0,El Rosario
164,AEZG452,,,,,,,,2022.0,El Rosario
165,AEZG470,,,,,,,,2022.0,El Rosario
166,AEZH838,,,,,,,,2022.0,El Rosario
167,AEZJ420,,,,,,,,2022.0,Sierra Chincua
168,AEZL158,,,,,,,,2022.0,El Rosario
169,AEZL378,,,,,,,,2022.0,El Rosario
170,AEZL920,,,,,,,,2022.0,El Rosario
171,AEZP503,,,,,,,,2022.0,El Rosario
172,AEZT503,,,,,,,,2022.0,El Rosario
173,AEZU280,,,,,,,,2022.0,Cerro Pelon
174,AEZY844,,,,,,,,2022.0,El Rosario
175,AEZZ564,,,,,,,,2022.0,El Rosario
176,AGAA416,,,,,,,,2022.0,El Rosario
177,AGAA864,,,,,,,,2022.0,El Rosario
178,AGAC717,,,,,,,,2022.0,Atlautla
179,AGAE264,,,,,,,,2022.0,El Rosario
180,AGAG780,,,,,,,,2022.0,El Rosario
181,AGAH144,,,,,,,,2022.0,El Rosario
182,AGAH589,,,,,,,,2022.0,El Rosario
183,AGAL168,,,,,,,,2022.0,El Rosario
184,AGAP674,,,,,,,,2022.0,Atlautla
185,AGAW092,,,,,,,,2022.0,El Rosario
186,AGBB269,,,,,,,,2022.0,El Rosario
187,AGBC269,,,,,,,,2022.0,El Rosario
188,AGBC315,,,,,,,,2022.0,El Rosario
189,AGBE237,,,,,,,,2022.0,El Rosario
190,AGBE252,,,,,,,,2022.0,El Rosario
191,AGCJ663,,,,,,,,2022.0,El Rosario
192,AGEL885,,,,,,,,2022.0,El Rosario
193,AGEM518,,,,,,,,2022.0,El Rosario
194,AGEN168,,,,,,,,2022.0,El Rosario
195,AGEN275,,,,,,,,2022.0,El Rosario
196,AGEN521,,,,,,,,2022.0,El Rosario
197,AGER851,,,,,,,,2022.0,El Rosario
198,AGES084,,,,,,,,2022.0,El Rosario
199,AGES112,,,,,,,,2022.0,El Rosario
200,AGEW749,,,,,,,,2022.0,El Rosario
201,AGEX137,,,,,,,,2022.0,El Rosario
202,AGEZ690,,,,,,,,2022.0,El Rosario
203,AGF137,,,,,,,,2022.0,Cerro Pelon
204,AGGA223,,,,,,,,2022.0,Sierra Chincua
205,AGGB225,,,,,,,,2022.0,El Rosario
206,AGGH310,,,,,,,,2022.0,El Rosario
207,AGGJ802,,,,,,,,2022.0,El Rosario
208,AGGL291,,,,,,,,2022.0,El Rosario
209,AGGL353,,,,,,,,2022.0,El Rosario
210,AGGP769,,,,,,,,2022.0,El Rosario
211,AGGY128,,,,,,,,2022.0,Atlautla
212,AGHG207,,,,,,,,2022.0,El Rosario
213,AGHG767,,,,,,,,2022.0,El Rosario
214,AGHJ927,,,,,,,,2022.0,El Rosario
215,AGHL168,,,,,,,,2022.0,El Rosario
216,AGHM565,,,,,,,,2022.0,El Rosario
217,AGHM630,,,,,,,,2022.0,El Rosario
218,AGHN667,,,,,,,,2022.0,El Rosario
219,AGHR235,,,,,,,,2022.0,Cerro Pelon
220,AGHS126,,,,,,,,2022.0,El Rosario
221,AGHS163,,,,,,,,2022.0,El Rosario
222,AGHT002,,,,,,,,2022.0,El Rosario
223,AGHT804,,,,,,,,2022.0,El Rosario
224,AGHT812,,,,,,,,2022.0,El Rosario
225,AGHU264,,,,,,,,2022.0,El Rosario
226,AGHU495,,,,,,,,2022.0,El Rosario
227,AGHW227,,,,,,,,2022.0,El Rosario
228,AGHY331,,,,,,,,2022.0,El Rosario
229,AGHY777,,,,,,,,2022.0,El Rosario
230,AGJE327,,,,,,,,2022.0,El Rosario
231,AGJG061,,,,,,,,2022.0,El Rosario
232,AGJH103,,,,,,,,2022.0,El Rosario
233,AGJJ292,,,,,,,,2022.0,El Rosario
234,AGJJ801,,,,,,,,2022.0,El Rosario
235,AGJJ810,,,,,,,,2022.0,El Rosario
236,AGJJ846,,,,,,,,2022.0,El Rosario
237,AGJL005,,,,,,,,2022.0,El Rosario
238,AGJP447,,,,,,,,2022.0,El Rosario
239,AGJP858,,,,,,,,2022.0,El Rosario
240,AGJR249,,,,,,,,2022.0,El Rosario
241,AGJR580,,,,,,,,2022.0,El Rosario
242,AGJT502,,,,,,,,2022.0,Cerro Pelon
243,AGJT843,,,,,,,,2022.0,El Rosario
244,AGJX799,,,,,,,,2022.0,El Rosario
245,AGLC978,,,,,,,,2022.0,Cerro Pelon
246,AGLG801,,,,,,,,2022.0,El Rosario
247,AGLG832,,,,,,,,2022.0,El Rosario
248,AGLH143,,,,,,,,2022.0,El Rosario
249,AGMN460,,,,,,,,2022.0,El Rosario
250,AGMS778,,,,,,,,2022.0,El Rosario
251,AGMW336,,,,,,,,2022.0,El Rosario
252,AGMY030,,,,,,,,2022.0,El Rosario
253,AGNB541,,,,,,,,2022.0,Cerro Pelon
254,AGNE594,,,,,,,,2022.0,El Rosario
255,AGNG395,,,,,,,,2022.0,Atlautla
256,AGNH051,,,,,,,,2022.0,El Rosario
257,AGNH735,,,,,,,,2022.0,El Rosario
258,AGNH746,,,,,,,,2022.0,El Rosario
259,AGNH922,,,,,,,,2022.0,El Rosario
260,AGNS538,,,,,,,,2022.0,El Rosario
261,AGNS870,,,,,,,,2022.0,El Rosario
262,AGNX173,,,,,,,,2022.0,El Rosario
263,AGNX373,,,,,,,,2022.0,El Rosario
264,AGNY004,,,,,,,,2022.0,El Rosario
265,AGNZ050,,,,,,,,2022.0,El Rosario
266,AGPA461,,,,,,,,2022.0,Cerro Pelon
267,AGPB340,,,,,,,,2022.0,El Rosario
268,AGPB691,,,,,,,,2022.0,El Rosario
269,AGPC126,,,,,,,,2022.0,El Rosario
270,AGPG101,,,,,,,,2022.0,El Rosario
271,AGPG458,,,,,,,,2022.0,Cerro Pelon
272,AGPG743,,,,,,,,2022.0,Cerro Pelon
273,AGPR780,,,,,,,,2022.0,El Rosario
274,AGPT121,,,,,,,,2022.0,Cerro Pelon
275,AGPT281,,,,,,,,2022.0,El Rosario
276,AGPY653,,,,,,,,2022.0,El Rosario
277,AGPZ573,,,,,,,,2022.0,El Rosario
278,AGPZ602,,,,,,,,2022.0,El Rosario
279,AGPZ672,,,,,,,,2022.0,El Rosario
280,AGRL524,,,,,,,,2022.0,El Rosario
281,AGRM407,,,,,,,,2022.0,Cerro Pelon
282,AGRU441,,,,,,,,2022.0,El Rosario
283,AGRW745,,,,,,,,2022.0,El Rosario
284,AGRW862,,,,,,,,2022.0,El Rosario
285,AGRX429,,,,,,,,2022.0,El Rosario
286,AGRY030,,,,,,,,2022.0,Sierra Chincua
287,AGRY597,,,,,,,,2022.0,El Rosario
288,AGS497,,,,,,,,2022.0,Cerro Pelon
289,AGSE720,,,,,,,,2022.0,El Rosario
290,AGSE853,,,,,,,,2022.0,El Rosario
291,AGSG214,,,,,,,,2022.0,El Rosario
292,AGSG306,,,,,,,,2022.0,El Rosario
293,AGSG593,,,,,,,,2022.0,El Rosario
294,AGSJ413,,,,,,,,2022.0,El Rosario
295,AGSJ790,,,,,,,,2022.0,Ixtlahuaca
296,AGSJ875,,,,,,,,2022.0,El Rosario
297,AGSL980,,,,,,,,2022.0,El Rosario
298,AGTE790,,,,,,,,2022.0,Sierra Chincua
299,AGTG302,,,,,,,,2022.0,El Rosario
300,AGTH287,,,,,,,,2022.0,El Rosario
301,AGTJ221,,,,,,,,2022.0,El Rosario
302,AGTN186,,,,,,,,2022.0,El Rosario
303,AGTN479,,,,,,,,2022.0,El Rosario
304,AGTT028,,,,,,,,2022.0,El Rosario
305,AGTT575,,,,,,,,2022.0,El Rosario
306,AGTW280,,,,,,,,2022.0,El Rosario
307,AGUE822,,,,,,,,2022.0,El Rosario
308,AGUG138,,,,,,,,2022.0,Atlautla
309,AGUW608,,,,,,,,2022.0,El Rosario
310,AGUW669,,,,,,,,2022.0,El Rosario
311,AGUW832,,,,,,,,2022.0,El Rosario
312,AGUY335,,,,,,,,2022.0,El Rosario
313,AGUY792,,,,,,,,2022.0,El Rosario
314,AGUZ560,,,,,,,,2022.0,El Rosario
315,AGUZ717,,,,,,,,2022.0,El Rosario
316,AGWS354,,,,,,,,2022.0,El Rosario
317,AGWY880,,,,,,,,2022.0,El Rosario
318,AGWZ703,,,,,,,,2022.0,El Rosario
319,AGXB246,,,,,,,,2022.0,Cerro Pelon
320,AGXB979,,,,,,,,2022.0,El Rosario
321,AGXR776,,,,,,,,2022.0,Piedra Herrada
322,AGXS694,,,,,,,,2022.0,El Rosario
323,AGXT090,,,,,,,,2022.0,El Rosario
324,AGXT516,,,,,,,,2022.0,El Rosario
325,AGXW776,,,,,,,,2022.0,Cerro Pelon
326,AGYL350,,,,,,,,2022.0,El Rosario
327,AGYN527,,,,,,,,2022.0,El Rosario
328,AGYN792,,,,,,,,2022.0,El Rosario
329,AGYP187,,,,,,,,2022.0,El Rosario
330,AGYS534,,,,,,,,2022.0,El Rosario
331,AGYT265,,,,,,,,2022.0,El Rosario
332,AGYU250,,,,,,,,2022.0,El Rosario
333,AGYW510,,,,,,,,2022.0,El Rosario
334,AGYY090,,,,,,,,2022.0,Cerro Pelon
335,AGZG044,,,,,,,,2022.0,El Rosario
336,AGZM453,,,,,,,,2022.0,Sierra Chincua
337,AGZN556,,,,,,,,2022.0,El Rosario
338,AGZN564,,,,,,,,2022.0,El Rosario
339,AGZY325,,,,,,,,2022.0,El Rosario
340,AHAB753,,,,,,,,2022.0,El Rosario
341,AHAE030,,,,,,,,2022.0,El Rosario
342,AHAL012,,,,,,,,2022.0,Cerro Pelon
343,AHAL906,,,,,,,,2022.0,El Rosario
344,AHAP231,,,,,,,,2022.0,El Rosario
345,CDS808,,,,,,,,2022.0,El Rosario
346,CFI680,,,,,,,,2022.0,El Rosario
347,LCY305,,,,,,,,2022.0,Cerro Pelon
348,LEJ381,,,,,,,,2022.0,El Rosario
349,LGS028,,,,,,,,2022.0,Cerro Pelon
350,MHE682,,,,,,,,2022.0,El Rosario
351,NCE004,,,,,,,,2022.0,Cerro Pelon
352,NHY830,,,,,,,,2022.0,Cerro Pelon
353,PHZ633,,,,,,,,2022.0,Cerro Pelon
354,TCX116,,,,,,,,2022.0,El Rosario
355,UCX625,,,,,,,,2022.0,El Rosario
356,UNA295,,,,,,,,2022.0,El Rosario
357,UQ327,,,,,,,,2022.0,El Rosario
358,XNX639,,,,,,,,2022.0,El Rosario
359,YJW646,,,,,,,,2022.0,El Rosario
360,YYJ900,,,,,,,,2022.0,El Rosario
361,ZBR223,,,,,,,,2022.0,El Rosario
362,AAAX025,,,,,,,,2021.0,El Rosario
363,AACB059,,,,,,,,2021.0,El Rosario
364,AAGX435,,,,,,,,2021.0,El Rosario
365,AAPP558,,,,,,,,2021.0,El Rosario
366,AATJ869,,,,,,,,2021.0,El Rosario
367,AATN622,,,,,,,,2021.0,El Rosario
368,AAWU072,,,,,,,,2021.0,El Rosario
369,AAXH751,,,,,,,,2021.0,El Rosario
370,AAZG332,,,,,,,,2021.0,Sierra Chincua
371,ABCC500,,,,,,,,2021.0,El Rosario
372,ABNA861,,,,,,,,2021.0,Cerro Pelon
373,ABNC315,,,,,,,,2021.0,El Rosario
374,ABNS360,,,,,,,,2021.0,Cerro Pelon
375,ABPH805,,,,,,,,2021.0,El Rosario
376,ABPR661,,,,,,,,2021.0,El Rosario
377,ABPS533,,,,,,,,2021.0,El Rosario
378,ABPT621,,,,,,,,2021.0,El Rosario
379,ABPU089,,,,,,,,2021.0,El Rosario
380,ABPZ694,,,,,,,,2021.0,El Rosario
381,ABRB494,,,,,,,,2021.0,El Rosario
382,ABRB687,,,,,,,,2021.0,El Rosario
383,ABRJ706,,,,,,,,2021.0,El Rosario
384,ABRN417,,,,,,,,2021.0,El Rosario
385,ABSG553,,,,,,,,2021.0,El Rosario
386,ABSL055,,,,,,,,2021.0,El Rosario
387,ABSU530,,,,,,,,2021.0,El Rosario
388,ABSZ333,,,,,,,,2021.0,El Rosario
389,ABTC823,,,,,,,,2021.0,El Rosario
390,ABTE446,,,,,,,,2021.0,El Rosario
391,ABTG997,,,,,,,,2021.0,El Rosario
392,ABTH207,,,,,,,,2021.0,El Rosario
393,ABTH536,,,,,,,,2021.0,El Rosario
394,ABTT117,,,,,,,,2021.0,El Rosario
395,ABTW467,,,,,,,,2021.0,El Rosario
396,ABTW631,,,,,,,,2021.0,El Rosario
397,ABTX812,,,,,,,,2021.0,El Rosario
398,ABTZ756,,,,,,,,2021.0,El Rosario
399,ABUB876,,,,,,,,2021.0,El Rosario
400,ABUC082,,,,,,,,2021.0,El Rosario
401,ABUC093,,,,,,,,2021.0,El Rosario
402,ABUC481,,,,,,,,2021.0,El Rosario
403,ABUC688,,,,,,,,2021.0,El Rosario
404,ABUC755,,,,,,,,2021.0,El Rosario
405,ABUE811,,,,,,,,2021.0,El Rosario
406,ABUG475,,,,,,,,2021.0,El Rosario
407,ABUN485,,,,,,,,2021.0,El Rosario
408,ABUZ131,,,,,,,,2021.0,Sierra Chincua
409,ABUZ596,,,,,,,,2021.0,Sierra Chincua
410,ABUZ610,,,,,,,,2021.0,El Rosario
411,ABUZ675,,,,,,,,2021.0,El Rosario
412,ABWB204,,,,,,,,2021.0,El Rosario
413,ABWG166,,,,,,,,2021.0,El Rosario
414,ABWH610,,,,,,,,2021.0,El Rosario
415,ABWN920,,,,,,,,2021.0,El Rosario
416,ABWN927,,,,,,,,2021.0,El Rosario
417,ABWP079,,,,,,,,2021.0,El Rosario
418,ABXB686,,,,,,,,2021.0,El Rosario
419,ABXP884,,,,,,,,2021.0,Sierra Chincua
420,ABXR101,,,,,,,,2021.0,Sierra Chincua
421,ABXS904,,,,,,,,2021.0,El Rosario
422,ABXT541,,,,,,,,2021.0,El Rosario
423,ABXU377,,,,,,,,2021.0,El Rosario
424,ABXZ648,,,,,,,,2021.0,Atlautla
425,ABYA248,,,,,,,,2021.0,El Rosario
426,ABYC488,,,,,,,,2021.0,El Rosario
427,ABYS809,,,,,,,,2021.0,El Rosario
428,ABYY952,,,,,,,,2021.0,El Rosario
429,ABZE952,,,,,,,,2021.0,El Rosario
430,ABZL743,,,,,,,,2021.0,El Rosario
431,ABZM649,,,,,,,,2021.0,El Rosario
432,ABZY379,,,,,,,,2021.0,El Rosario
433,ACAP445,,,,,,,,2021.0,El Rosario
434,ACAR000,,,,,,,,2021.0,El Rosario
435,ACBE764,,,,,,,,2021.0,El Rosario
436,ACBL598,,,,,,,,2021.0,El Rosario
437,ACBT119,,,,,,,,2021.0,El Rosario
438,ACBX075,,,,,,,,2021.0,El Rosario
439,ACCG980,,,,,,,,2021.0,El Rosario
440,ACCX459,,,,,,,,2021.0,El Rosario
441,ACCX568,,,,,,,,2021.0,El Rosario
442,ACEB990,,,,,,,,2021.0,El Rosario
443,ACEG424,,,,,,,,2021.0,El Rosario
444,ACEH751,,,,,,,,2021.0,El Rosario
445,ACEJ964,,,,,,,,2021.0,El Rosario
446,ACER880,,,,,,,,2021.0,El Rosario
447,ACGC400,,,,,,,,2021.0,El Rosario
448,ACGS381,,,,,,,,2021.0,El Rosario
449,ACGS480,,,,,,,,2021.0,El Rosario
450,ACGT934,,,,,,,,2021.0,El Rosario
451,ACGX807,,,,,,,,2021.0,El Rosario
452,ACGX879,,,,,,,,2021.0,El Rosario
453,ACHB015,,,,,,,,2021.0,El Rosario
454,ACHE600,,,,,,,,2021.0,El Rosario
455,ACHM258,,,,,,,,2021.0,Sierra Chincua
456,ACHM309,,,,,,,,2021.0,El Rosario
457,ACJG758,,,,,,,,2021.0,El Rosario
458,ACJH758,,,,,,,,2021.0,El Rosario
459,ACLA255,,,,,,,,2021.0,El Rosario
460,ACLB447,,,,,,,,2021.0,El Rosario
461,ACLB672,,,,,,,,2021.0,El Rosario
462,ACLG010,,,,,,,,2021.0,El Rosario
463,ACLG593,,,,,,,,2021.0,El Rosario
464,ACLG667,,,,,,,,2021.0,El Rosario
465,ACLP844,,,,,,,,2021.0,El Rosario
466,ACLY945,,,,,,,,2021.0,El Rosario
467,ACMC476,,,,,,,,2021.0,El Rosario
468,ACMU326,,,,,,,,2021.0,El Rosario
469,ACMW061,,,,,,,,2021.0,El Rosario
470,ACMZ657,,,,,,,,2021.0,El Rosario
471,ACNE898,,,,,,,,2021.0,El Rosario
472,ACNE929,,,,,,,,2021.0,Cerro Pelon
473,ACNG250,,,,,,,,2021.0,Sierra Chincua
474,ACNG424,,,,,,,,2021.0,Cerro Pelon
475,ACNU771,,,,,,,,2021.0,El Rosario
476,ACPJ813,,,,,,,,2021.0,El Rosario
477,ACRC645,,,,,,,,2021.0,Cerro Pelon
478,ACRX478,,,,,,,,2021.0,Cerro Pelon
479,ACSB163,,,,,,,,2021.0,El Rosario
480,ACSB678,,,,,,,,2021.0,El Rosario
481,ACSG261,,,,,,,,2021.0,El Rosario
482,ACSR808,,,,,,,,2021.0,El Rosario
483,ACSR946,,,,,,,,2021.0,Cerro Pelon
484,ACSS101,,,,,,,,2021.0,El Rosario
485,ACSS369,,,,,,,,2021.0,Cerro Pelon
486,ACSS445,,,,,,,,2021.0,El Rosario
487,ACSW487,,,,,,,,2021.0,El Rosario
488,ACSW581,,,,,,,,2021.0,El Rosario
489,ACSY171,,,,,,,,2021.0,Cerro Pelon
490,ACSZ050,,,,,,,,2021.0,El Rosario
491,ACSZ112,,,,,,,,2021.0,Sierra Chincua
492,ACSZ362,,,,,,,,2021.0,Cerro Pelon
493,ACSZ563,,,,,,,,2021.0,El Rosario
494,ACSZ807,,,,,,,,2021.0,El Rosario
495,ACSZ991,,,,,,,,2021.0,El Rosario
496,ACTA137,,,,,,,,2021.0,Cerro Pelon
497,ACTA330,,,,,,,,2021.0,El Rosario
498,ACTA340,,,,,,,,2021.0,Cerro Pelon
499,ACTA421,,,,,,,,2021.0,El Rosario
500,ACTA510,,,,,,,,2021.0,Sierra Chincua
501,ACTA620,,,,,,,,2021.0,El Rosario
502,ACTA667,,,,,,,,2021.0,Cerro Pelon
503,ACTB115,,,,,,,,2021.0,El Rosario
504,ACTB116,,,,,,,,2021.0,El Rosario
505,ACTB117,,,,,,,,2021.0,Cerro Pelon
506,ACTB806,,,,,,,,2021.0,El Rosario
507,ACTB809,,,,,,,,2021.0,Sierra Chincua
508,ACTB834,,,,,,,,2021.0,Cerro Pelon
509,ACTB852,,,,,,,,2021.0,El Rosario
510,ACTB902,,,,,,,,2021.0,Sierra Chincua
511,ACTC392,,,,,,,,2021.0,El Rosario
512,ACTC442,,,,,,,,2021.0,Cerro Pelon
513,ACTC784,,,,,,,,2021.0,Cerro Pelon
514,ACTC821,,,,,,,,2021.0,Cerro Pelon
515,ACTC865,,,,,,,,2021.0,Cerro Pelon
516,ACTC879,,,,,,,,2021.0,Sierra Chincua
517,ACTG418,,,,,,,,2021.0,Cerro Pelon
518,ACTG625,,,,,,,,2021.0,El Rosario
519,ACTG632,,,,,,,,2021.0,El Rosario
520,ACTH053,,,,,,,,2021.0,Cerro Pelon
521,ACTJ557,,,,,,,,2021.0,Cerro Pelon
522,ACTJ686,,,,,,,,2021.0,Cerro Pelon
523,ACTM258,,,,,,,,2021.0,El Rosario
524,ACTM482,,,,,,,,2021.0,Cerro Pelon
525,ACTM515,,,,,,,,2021.0,Cerro Pelon
526,ACTN043,,,,,,,,2021.0,El Rosario
527,ACTN049,,,,,,,,2021.0,El Rosario
528,ACTP398,,,,,,,,2021.0,Sierra Chincua
529,ACTR019,,,,,,,,2021.0,El Rosario
530,ACTR051,,,,,,,,2021.0,El Rosario
531,ACTR551,,,,,,,,2021.0,El Rosario
532,ACTR598,,,,,,,,2021.0,El Rosario
533,ACTS430,,,,,,,,2021.0,El Rosario
534,ACTS819,,,,,,,,2021.0,Cerro Pelon
535,ACTS948,,,,,,,,2021.0,El Rosario
536,ACTT338,,,,,,,,2021.0,Sierra Chincua
537,ACTT417,,,,,,,,2021.0,Cerro Pelon
538,ACTX932,,,,,,,,2021.0,El Rosario
539,ACTY690,,,,,,,,2021.0,El Rosario
540,ACTY756,,,,,,,,2021.0,Cerro Pelon
541,ACUA782,,,,,,,,2021.0,El Rosario
542,ACUE535,,,,,,,,2021.0,El Rosario
543,ACUL496,,,,,,,,2021.0,El Rosario
544,ACUT402,,,,,,,,2021.0,Cerro Pelon
545,ACUW570,,,,,,,,2021.0,El Rosario
546,ACUZ241,,,,,,,,2021.0,El Rosario
547,ACUZ289,,,,,,,,2021.0,Cerro Pelon
548,ACUZ743,,,,,,,,2021.0,El Rosario
549,ACUZ757,,,,,,,,2021.0,El Rosario
550,ACWE675,,,,,,,,2021.0,Cerro Pelon
551,ACWJ458,,,,,,,,2021.0,Sierra Chincua
552,ACWL801,,,,,,,,2021.0,El Rosario
553,ACWM337,,,,,,,,2021.0,El Rosario
554,ACWM507,,,,,,,,2021.0,El Rosario
555,ACWM955,,,,,,,,2021.0,El Rosario
556,ACWN868,,,,,,,,2021.0,El Rosario
557,ACWP345,,,,,,,,2021.0,Cerro Pelon
558,ACWR146,,,,,,,,2021.0,Cerro Pelon
559,ACWR163,,,,,,,,2021.0,El Rosario
560,ACWR758,,,,,,,,2021.0,El Rosario
561,ACWS499,,,,,,,,2021.0,Cerro Pelon
562,ACWT605,,,,,,,,2021.0,El Rosario
563,ACWU047,,,,,,,,2021.0,El Rosario
564,ACWU192,,,,,,,,2021.0,El Rosario
565,ACWU295,,,,,,,,2021.0,Cerro Pelon
566,ACWW370,,,,,,,,2021.0,El Rosario
567,ACWW453,,,,,,,,2021.0,Cerro Pelon
568,ACWW562,,,,,,,,2021.0,El Rosario
569,ACWW592,,,,,,,,2021.0,El Rosario
570,ACWX162,,,,,,,,2021.0,Cerro Pelon
571,ACWY821,,,,,,,,2021.0,Cerro Pelon
572,ACWY834,,,,,,,,2021.0,El Rosario
573,ACWZ262,,,,,,,,2021.0,El Rosario
574,ACXA258,,,,,,,,2021.0,Cerro Pelon
575,ACXA916,,,,,,,,2021.0,El Rosario
576,ACXB263,,,,,,,,2021.0,El Rosario
577,ACXB289,,,,,,,,2021.0,Cerro Pelon
578,ACXB421,,,,,,,,2021.0,El Rosario
579,ACXB631,,,,,,,,2021.0,El Rosario
580,ACXC044,,,,,,,,2021.0,Sierra Chincua
581,ACXC828,,,,,,,,2021.0,El Rosario
582,ACXC939,,,,,,,,2021.0,El Rosario
583,ACXC964,,,,,,,,2021.0,El Rosario
584,ACXE195,,,,,,,,2021.0,El Rosario
585,ACXE597,,,,,,,,2021.0,El Rosario
586,ACXE855,,,,,,,,2021.0,El Rosario
587,ACXE887,,,,,,,,2021.0,Sierra Chincua
588,ACXE892,,,,,,,,2021.0,Sierra Chincua
589,ACXE910,,,,,,,,2021.0,Cerro Pelon
590,ACXG047,,,,,,,,2021.0,El Rosario
591,ACXG126,,,,,,,,2021.0,Sierra Chincua
592,ACXG314,,,,,,,,2021.0,El Rosario
593,ACXG394,,,,,,,,2021.0,El Rosario
594,ACXG818,,,,,,,,2021.0,Sierra Chincua
595,ACXH127,,,,,,,,2021.0,El Rosario
596,ACXH226,,,,,,,,2021.0,Cerro Pelon
597,ACXH272,,,,,,,,2021.0,El Rosario
598,ACXH273,,,,,,,,2021.0,El Rosario
599,ACXH361,,,,,,,,2021.0,Cerro Pelon
600,ACXH632,,,,,,,,2021.0,El Rosario
601,ACXH714,,,,,,,,2021.0,El Rosario
602,ACXJ358,,,,,,,,2021.0,El Rosario
603,ACXJ855,,,,,,,,2021.0,El Rosario
604,ACXJ951,,,,,,,,2021.0,Cerro Pelon
605,ACXL167,,,,,,,,2021.0,El Rosario
606,ACXL251,,,,,,,,2021.0,El Rosario
607,ACXL346,,,,,,,,2021.0,El Rosario
608,ACXL349,,,,,,,,2021.0,El Rosario
609,ACXM208,,,,,,,,2021.0,El Rosario
610,ACXN172,,,,,,,,2021.0,El Rosario
611,ACXN177,,,,,,,,2021.0,Cerro Pelon
612,ACXN250,,,,,,,,2021.0,Cerro Pelon
613,ACXN601,,,,,,,,2021.0,Cerro Pelon
614,ACXN800,,,,,,,,2021.0,El Rosario
615,ACXP875,,,,,,,,2021.0,Cerro Pelon
616,ACXP959,,,,,,,,2021.0,Cerro Pelon
617,ACXR010,,,,,,,,2021.0,Cerro Pelon
618,ACXR063,,,,,,,,2021.0,Cerro Pelon
619,ACXR079,,,,,,,,2021.0,El Rosario
620,ACXR092,,,,,,,,2021.0,El Rosario
621,ACXS922,,,,,,,,2021.0,El Rosario
622,ACXW412,,,,,,,,2021.0,Cerro Pelon
623,ACXW513,,,,,,,,2021.0,El Rosario
624,ACXW550,,,,,,,,2021.0,El Rosario
625,ACXX428,,,,,,,,2021.0,Sierra Chincua
626,ACXY521,,,,,,,,2021.0,Cerro Pelon
627,ACXY539,,,,,,,,2021.0,Cerro Pelon
628,ACXY673,,,,,,,,2021.0,Cerro Pelon
629,ACXY690,,,,,,,,2021.0,El Rosario
630,ACXY692,,,,,,,,2021.0,Cerro Pelon
631,ACXY711,,,,,,,,2021.0,El Rosario
632,ACXZ627,,,,,,,,2021.0,El Rosario
633,ACXZ737,,,,,,,,2021.0,Cerro Pelon
634,ACYA020,,,,,,,,2021.0,El Rosario
635,ACYA070,,,,,,,,2021.0,El Rosario
636,ACYA073,,,,,,,,2021.0,Cerro Pelon
637,ACYA107,,,,,,,,2021.0,El Rosario
638,ACYA124,,,,,,,,2021.0,Sierra Chincua
639,ACYA127,,,,,,,,2021.0,El Rosario
640,ACYB774,,,,,,,,2021.0,El Rosario
641,ACYB825,,,,,,,,2021.0,El Rosario
642,ACYE153,,,,,,,,2021.0,El Rosario
643,ACYH319,,,,,,,,2021.0,El Rosario
644,ACYH463,,,,,,,,2021.0,El Rosario
645,ACYH527,,,,,,,,2021.0,El Rosario
646,ACYH673,,,,,,,,2021.0,El Rosario
647,ACYH711,,,,,,,,2021.0,El Rosario
648,ACYH750,,,,,,,,2021.0,El Rosario
649,ACYJ709,,,,,,,,2021.0,El Rosario
650,ACYN466,,,,,,,,2021.0,El Rosario
651,ACYP004,,,,,,,,2021.0,Cerro Pelon
652,ACYP879,,,,,,,,2021.0,El Rosario
653,ACYS512,,,,,,,,2021.0,Sierra Chincua
654,ACYT507,,,,,,,,2021.0,El Rosario
655,ACYU783,,,,,,,,2021.0,Sierra Chincua
656,ACYY413,,,,,,,,2021.0,El Rosario
657,ACYY806,,,,,,,,2021.0,El Rosario
658,ACYZ565,,,,,,,,2021.0,El Rosario
659,ACZB716,,,,,,,,2021.0,El Rosario
660,ACZE552,,,,,,,,2021.0,El Rosario
661,ACZG563,,,,,,,,2021.0,El Rosario
662,ACZG730,,,,,,,,2021.0,El Rosario
663,ACZH249,,,,,,,,2021.0,Cerro Pelon
664,ACZJ493,,,,,,,,2021.0,Cerro Pelon
665,ACZL522,,,,,,,,2021.0,El Rosario
666,ACZS364,,,,,,,,2021.0,Sierra Chincua
667,ACZS713,,,,,,,,2021.0,El Rosario
668,ACZX281,,,,,,,,2021.0,El Rosario
669,ACZY109,,,,,,,,2021.0,El Rosario
670,ACZY126,,,,,,,,2021.0,El Rosario
671,ACZY661,,,,,,,,2021.0,El Rosario
672,ACZZ660,,,,,,,,2021.0,Cerro Pelon
673,ACZZ968,,,,,,,,2021.0,El Rosario
674,AEAC258,,,,,,,,2021.0,El Rosario
675,AEAC262,,,,,,,,2021.0,El Rosario
676,AEAE104,,,,,,,,2021.0,El Rosario
677,AEAE286,,,,,,,,2021.0,Sierra Chincua
678,AEAG500,,,,,,,,2021.0,Cerro Pelon
679,AEAJ011,,,,,,,,2021.0,Sierra Chincua
680,AEAJ186,,,,,,,,2021.0,El Rosario
681,AEAL559,,,,,,,,2021.0,Cerro Pelon
682,AEAL801,,,,,,,,2021.0,El Rosario
683,AEAM120,,,,,,,,2021.0,Cerro Pelon
684,AEAM264,,,,,,,,2021.0,Cerro Pelon
685,AEAM295,,,,,,,,2021.0,Cerro Pelon
686,AEAM343,,,,,,,,2021.0,El Rosario
687,AEAM345,,,,,,,,2021.0,Cerro Pelon
688,AEAM364,,,,,,,,2021.0,El Rosario
689,AEAM620,,,,,,,,2021.0,El Rosario
690,AEAM879,,,,,,,,2021.0,Cerro Pelon
691,AEAN389,,,,,,,,2021.0,Sierra Chincua
692,AEAU821,,,,,,,,2021.0,El Rosario
693,AEAW330,,,,,,,,2021.0,El Rosario
694,AEAX608,,,,,,,,2021.0,Cerro Pelon
695,AEAY401,,,,,,,,2021.0,El Rosario
696,AEAZ878,,,,,,,,2021.0,El Rosario
697,AEBM027,,,,,,,,2021.0,El Rosario
698,AEBM768,,,,,,,,2021.0,Cerro Pelon
699,AEBP138,,,,,,,,2021.0,El Rosario
700,AEBP432,,,,,,,,2021.0,El Rosario
701,AEBP498,,,,,,,,2021.0,Sierra Chincua
702,AEBP964,,,,,,,,2021.0,Cerro Pelon
703,AEBR014,,,,,,,,2021.0,El Rosario
704,AEBR814,,,,,,,,2021.0,El Rosario
705,AEBS029,,,,,,,,2021.0,El Rosario
706,AEBS426,,,,,,,,2021.0,El Rosario
707,AEBS794,,,,,,,,2021.0,El Rosario
708,AEBT510,,,,,,,,2021.0,El Rosario
709,AEBT586,,,,,,,,2021.0,Cerro Pelon
710,AEBU474,,,,,,,,2021.0,Cerro Pelon
711,AEBU602,,,,,,,,2021.0,Cerro Pelon
712,AEBU610,,,,,,,,2021.0,Cerro Pelon
713,AEBU621,,,,,,,,2021.0,Cerro Pelon
714,AEBU632,,,,,,,,2021.0,Cerro Pelon
715,AEBU646,,,,,,,,2021.0,El Rosario
716,AEBW858,,,,,,,,2021.0,Cerro Pelon
717,AEBW863,,,,,,,,2021.0,Cerro Pelon
718,AEBW875,,,,,,,,2021.0,Cerro Pelon
719,AEBW882,,,,,,,,2021.0,El Rosario
720,AEBW895,,,,,,,,2021.0,El Rosario
721,AEBW956,,,,,,,,2021.0,Sierra Chincua
722,AEBW984,,,,,,,,2021.0,Cerro Pelon
723,AEBX124,,,,,,,,2021.0,Cerro Pelon
724,AEBX129,,,,,,,,2021.0,Cerro Pelon
725,AEBX200,,,,,,,,2021.0,El Rosario
726,AEBX226,,,,,,,,2021.0,Cerro Pelon
727,AEBX266,,,,,,,,2021.0,Sierra Chincua
728,AEBX584,,,,,,,,2021.0,El Rosario
729,AEBY257,,,,,,,,2021.0,Cerro Pelon
730,AEBY275,,,,,,,,2021.0,Cerro Pelon
731,AEBY288,,,,,,,,2021.0,Cerro Pelon
732,AEBY666,,,,,,,,2021.0,Cerro Pelon
733,AEBZ464,,,,,,,,2021.0,Cerro Pelon
734,AECA154,,,,,,,,2021.0,Cerro Pelon
735,AECB099,,,,,,,,2021.0,Cerro Pelon
736,AECC624,,,,,,,,2021.0,Cerro Pelon
737,AECC974,,,,,,,,2021.0,El Rosario
738,AECE365,,,,,,,,2021.0,Sierra Chincua
739,AECH248,,,,,,,,2021.0,El Rosario
740,AECM150,,,,,,,,2021.0,El Rosario
741,AECN521,,,,,,,,2021.0,El Rosario
742,AECN849,,,,,,,,2021.0,El Rosario
743,AECN887,,,,,,,,2021.0,Cerro Pelon
744,AECP935,,,,,,,,2021.0,Cerro Pelon
745,AECR762,,,,,,,,2021.0,Cerro Pelon
746,AECT489,,,,,,,,2021.0,Cerro Pelon
747,AECT515,,,,,,,,2021.0,Cerro Pelon
748,AECT577,,,,,,,,2021.0,El Rosario
749,AECU127,,,,,,,,2021.0,El Rosario
750,AECU134,,,,,,,,2021.0,Cerro Pelon
751,AECW097,,,,,,,,2021.0,Sierra Chincua
752,AECW237,,,,,,,,2021.0,Sierra Chincua
753,AECW267,,,,,,,,2021.0,Cerro Pelon
754,AECW526,,,,,,,,2021.0,Cerro Pelon
755,AECW637,,,,,,,,2021.0,El Rosario
756,AECW639,,,,,,,,2021.0,El Rosario
757,AECW656,,,,,,,,2021.0,Cerro Pelon
758,AECW667,,,,,,,,2021.0,Cerro Pelon
759,AECW680,,,,,,,,2021.0,El Rosario
760,AECW693,,,,,,,,2021.0,Cerro Pelon
761,AECW751,,,,,,,,2021.0,El Rosario
762,AECW768,,,,,,,,2021.0,Cerro Pelon
763,AECX121,,,,,,,,2021.0,Sierra Chincua
764,AECX682,,,,,,,,2021.0,El Rosario
765,AECY575,,,,,,,,2021.0,Cerro Pelon
766,AECY677,,,,,,,,2021.0,El Rosario
767,AECY763,,,,,,,,2021.0,Cerro Pelon
768,AECY802,,,,,,,,2021.0,El Rosario
769,AECY854,,,,,,,,2021.0,El Rosario
770,AECY937,,,,,,,,2021.0,El Rosario
771,AECZ000,,,,,,,,2021.0,Sierra Chincua
772,AECZ074,,,,,,,,2021.0,Cerro Pelon
773,AECZ096,,,,,,,,2021.0,El Rosario
774,AECZ100,,,,,,,,2021.0,El Rosario
775,AECZ115,,,,,,,,2021.0,El Rosario
776,AECZ269,,,,,,,,2021.0,El Rosario
777,AECZ275,,,,,,,,2021.0,El Rosario
778,AECZ322,,,,,,,,2021.0,Cerro Pelon
779,AECZ402,,,,,,,,2021.0,El Rosario
780,AECZ573,,,,,,,,2021.0,El Rosario
781,AECZ720,,,,,,,,2021.0,El Rosario
782,AEEA509,,,,,,,,2021.0,El Rosario
783,AEEA541,,,,,,,,2021.0,El Rosario
784,AEEA808,,,,,,,,2021.0,El Rosario
785,AEEB135,,,,,,,,2021.0,Sierra Chincua
786,AEEB325,,,,,,,,2021.0,El Rosario
787,AEEB890,,,,,,,,2021.0,El Rosario
788,AEEC712,,,,,,,,2021.0,El Rosario
789,AEEE070,,,,,,,,2021.0,Cerro Pelon
790,AEEE732,,,,,,,,2021.0,El Rosario
791,AEEE848,,,,,,,,2021.0,El Rosario
792,AEEG972,,,,,,,,2021.0,Cerro Pelon
793,AEEG985,,,,,,,,2021.0,El Rosario
794,AEEH119,,,,,,,,2021.0,El Rosario
795,AEEH155,,,,,,,,2021.0,El Rosario
796,AEEH225,,,,,,,,2021.0,El Rosario
797,AEEH450,,,,,,,,2021.0,Cerro Pelon
798,AEEH878,,,,,,,,2021.0,Cerro Pelon
799,AEEJ036,,,,,,,,2021.0,El Rosario
800,AEEJ419,,,,,,,,2021.0,Cerro Pelon
801,AEEJ492,,,,,,,,2021.0,Cerro Pelon
802,AEEJ726,,,,,,,,2021.0,El Rosario
803,AEEL084,,,,,,,,2021.0,El Rosario
804,AEEL303,,,,,,,,2021.0,El Rosario
805,AEEL347,,,,,,,,2021.0,Sierra Chincua
806,AEEL448,,,,,,,,2021.0,El Rosario
807,AEEL462,,,,,,,,2021.0,El Rosario
808,AEEM094,,,,,,,,2021.0,El Rosario
809,AEEM986,,,,,,,,2021.0,El Rosario
810,AEEN080,,,,,,,,2021.0,El Rosario
811,AEEN546,,,,,,,,2021.0,El Rosario
812,AEEN570,,,,,,,,2021.0,El Rosario
813,AEEN806,,,,,,,,2021.0,Cerro Pelon
814,AEEN812,,,,,,,,2021.0,El Rosario
815,AEEP019,,,,,,,,2021.0,El Rosario
816,AEEP068,,,,,,,,2021.0,El Rosario
817,AEEP112,,,,,,,,2021.0,El Rosario
818,AEEP749,,,,,,,,2021.0,El Rosario
819,AEER052,,,,,,,,2021.0,Cerro Pelon
820,AEER281,,,,,,,,2021.0,Sierra Chincua
821,AEER516,,,,,,,,2021.0,El Rosario
822,AEES715,,,,,,,,2021.0,Sierra Chincua
823,AEES794,,,,,,,,2021.0,Cerro Pelon
824,AEET820,,,,,,,,2021.0,El Rosario
825,AEET899,,,,,,,,2021.0,Sierra Chincua
826,AEEU230,,,,,,,,2021.0,El Rosario
827,AEEU661,,,,,,,,2021.0,El Rosario
828,AEEU668,,,,,,,,2021.0,El Rosario
829,AEEW030,,,,,,,,2021.0,El Rosario
830,AEEX030,,,,,,,,2021.0,El Rosario
831,AEEY587,,,,,,,,2021.0,El Rosario
832,AEEY737,,,,,,,,2021.0,El Rosario
833,AEEZ065,,,,,,,,2021.0,El Rosario
834,AEGB230,,,,,,,,2021.0,El Rosario
835,AEGB682,,,,,,,,2021.0,Sierra Chincua
836,AEGC410,,,,,,,,2021.0,Sierra Chincua
837,AEGC470,,,,,,,,2021.0,El Rosario
838,AEGC513,,,,,,,,2021.0,El Rosario
839,AEGE016,,,,,,,,2021.0,Cerro Pelon
840,AEGE557,,,,,,,,2021.0,Sierra Chincua
841,AEGE693,,,,,,,,2021.0,El Rosario
842,AEGG357,,,,,,,,2021.0,Cerro Pelon
843,AEGH032,,,,,,,,2021.0,El Rosario
844,AEGH723,,,,,,,,2021.0,El Rosario
845,AEGH831,,,,,,,,2021.0,Cerro Pelon
846,AEGJ020,,,,,,,,2021.0,Cerro Pelon
847,AEGJ916,,,,,,,,2021.0,El Rosario
848,AEGJ919,,,,,,,,2021.0,El Rosario
849,AEGM803,,,,,,,,2021.0,Cerro Pelon
850,AEGN007,,,,,,,,2021.0,Cerro Pelon
851,AEGN009,,,,,,,,2021.0,El Rosario
852,AEGP265,,,,,,,,2021.0,El Rosario
853,AEGP400,,,,,,,,2021.0,El Rosario
854,AEGP414,,,,,,,,2021.0,Cerro Pelon
855,AEGP457,,,,,,,,2021.0,Sierra Chincua
856,AEGP473,,,,,,,,2021.0,Cerro Pelon
857,AEGP577,,,,,,,,2021.0,Sierra Chincua
858,AEGP581,,,,,,,,2021.0,Cerro Pelon
859,AEGW578,,,,,,,,2021.0,Cerro Pelon
860,AEGX112,,,,,,,,2021.0,El Rosario
861,AEGX271,,,,,,,,2021.0,El Rosario
862,AEGY899,,,,,,,,2021.0,Sierra Chincua
863,AEHN648,,,,,,,,2021.0,El Rosario
864,AEHP637,,,,,,,,2021.0,El Rosario
865,AEHP897,,,,,,,,2021.0,Cerro Pelon
866,AEHU205,,,,,,,,2021.0,El Rosario
867,AEHU396,,,,,,,,2021.0,Cerro Pelon
868,AEHW475,,,,,,,,2021.0,El Rosario
869,AEHY433,,,,,,,,2021.0,El Rosario
870,AEHY463,,,,,,,,2021.0,Cerro Pelon
871,AEHY680,,,,,,,,2021.0,Cerro Pelon
872,AEHZ119,,,,,,,,2021.0,Cerro Pelon
873,AEJB164,,,,,,,,2021.0,Cerro Pelon
874,AEJC134,,,,,,,,2021.0,Cerro Pelon
875,AEJC350,,,,,,,,2021.0,El Rosario
876,AEJC681,,,,,,,,2021.0,Cerro Pelon
877,AEJC708,,,,,,,,2021.0,El Rosario
878,AEJC743,,,,,,,,2021.0,El Rosario
879,AEJC959,,,,,,,,2021.0,Cerro Pelon
880,AEJC969,,,,,,,,2021.0,Cerro Pelon
881,AEJC977,,,,,,,,2021.0,El Rosario
882,AEJC988,,,,,,,,2021.0,Cerro Pelon
883,AEJC995,,,,,,,,2021.0,Cerro Pelon
884,AEJE134,,,,,,,,2021.0,Cerro Pelon
885,AEJE239,,,,,,,,2021.0,Cerro Pelon
886,AEJE411,,,,,,,,2021.0,El Rosario
887,AEJG550,,,,,,,,2021.0,Cerro Pelon
888,AEJH606,,,,,,,,2021.0,El Rosario
889,AEJJ441,,,,,,,,2021.0,Cerro Pelon
890,AEJJ466,,,,,,,,2021.0,Cerro Pelon
891,AEJJ551,,,,,,,,2021.0,El Rosario
892,AEJJ786,,,,,,,,2021.0,El Rosario
893,AEJJ797,,,,,,,,2021.0,Cerro Pelon
894,AEJL341,,,,,,,,2021.0,Sierra Chincua
895,AEJL360,,,,,,,,2021.0,Cerro Pelon
896,AEJN700,,,,,,,,2021.0,Cerro Pelon
897,AEJS906,,,,,,,,2021.0,El Rosario
898,AEJT250,,,,,,,,2021.0,El Rosario
899,AEJT285,,,,,,,,2021.0,Sierra Chincua
900,AEJT613,,,,,,,,2021.0,Sierra Chincua
901,AEJU112,,,,,,,,2021.0,Cerro Pelon
902,AEJW244,,,,,,,,2021.0,El Rosario
903,AEJW254,,,,,,,,2021.0,El Rosario
904,AEJW782,,,,,,,,2021.0,El Rosario
905,AEJW792,,,,,,,,2021.0,El Rosario
906,AEJX701,,,,,,,,2021.0,Cerro Pelon
907,AEJX729,,,,,,,,2021.0,Sierra Chincua
908,AEJY000,,,,,,,,2021.0,El Rosario
909,AEJY084,,,,,,,,2021.0,Cerro Pelon
910,AEJZ424,,,,,,,,2021.0,El Rosario
911,AELA702,,,,,,,,2021.0,El Rosario
912,AELG868,,,,,,,,2021.0,Sierra Chincua
913,AELJ486,,,,,,,,2021.0,El Rosario
914,AELJ880,,,,,,,,2021.0,Cerro Pelon
915,AELP055,,,,,,,,2021.0,El Rosario
916,AELP111,,,,,,,,2021.0,El Rosario
917,AELP115,,,,,,,,2021.0,El Rosario
918,AELP313,,,,,,,,2021.0,Cerro Pelon
919,AELP466,,,,,,,,2021.0,El Rosario
920,AELS409,,,,,,,,2021.0,Cerro Pelon
921,AELT433,,,,,,,,2021.0,El Rosario
922,AELX664,,,,,,,,2021.0,Cerro Pelon
923,AELX954,,,,,,,,2021.0,El Rosario
924,AELX969,,,,,,,,2021.0,El Rosario
925,AELZ100,,,,,,,,2021.0,Cerro Pelon
926,AELZ843,,,,,,,,2021.0,El Rosario
927,AEMA250,,,,,,,,2021.0,El Rosario
928,AEMA365,,,,,,,,2021.0,El Rosario
929,AEMA791,,,,,,,,2021.0,El Rosario
930,AEMA881,,,,,,,,2021.0,Cerro Pelon
931,AEMA982,,,,,,,,2021.0,Cerro Pelon
932,AEMB333,,,,,,,,2021.0,Cerro Pelon
933,AEMC340,,,,,,,,2021.0,El Rosario
934,AEMC713,,,,,,,,2021.0,El Rosario
935,AEME329,,,,,,,,2021.0,El Rosario
936,AEME407,,,,,,,,2021.0,Cerro Pelon
937,AEMG012,,,,,,,,2021.0,Cerro Pelon
938,AEMG302,,,,,,,,2021.0,El Rosario
939,AEMH097,,,,,,,,2021.0,Sierra Chincua
940,AEMH178,,,,,,,,2021.0,Cerro Pelon
941,AEMH300,,,,,,,,2021.0,Sierra Chincua
942,AEMH307,,,,,,,,2021.0,El Rosario
943,AEMH421,,,,,,,,2021.0,El Rosario
944,AEMH457,,,,,,,,2021.0,Cerro Pelon
945,AEMJ316,,,,,,,,2021.0,El Rosario
946,AEMJ353,,,,,,,,2021.0,Cerro Pelon
947,AEMJ571,,,,,,,,2021.0,Cerro Pelon
948,AEMJ945,,,,,,,,2021.0,Cerro Pelon
949,AEML086,,,,,,,,2021.0,El Rosario
950,AEML089,,,,,,,,2021.0,El Rosario
951,AEML122,,,,,,,,2021.0,Sierra Chincua
952,AEML181,,,,,,,,2021.0,El Rosario
953,AEML228,,,,,,,,2021.0,Cerro Pelon
954,AEML308,,,,,,,,2021.0,El Rosario
955,AEMM218,,,,,,,,2021.0,Cerro Pelon
956,AEMM524,,,,,,,,2021.0,Cerro Pelon
957,AEMM531,,,,,,,,2021.0,Cerro Pelon
958,AEMN007,,,,,,,,2021.0,Cerro Pelon
959,AEMN063,,,,,,,,2021.0,Cerro Pelon
960,AEMN200,,,,,,,,2021.0,El Rosario
961,AEMN326,,,,,,,,2021.0,El Rosario
962,AEMN352,,,,,,,,2021.0,El Rosario
963,AEMN469,,,,,,,,2021.0,Cerro Pelon
964,AEMN484,,,,,,,,2021.0,Cerro Pelon
965,AEMP358,,,,,,,,2021.0,El Rosario
966,AEMP544,,,,,,,,2021.0,El Rosario
967,AEMP550,,,,,,,,2021.0,El Rosario
968,AEMP571,,,,,,,,2021.0,El Rosario
969,AEMP689,,,,,,,,2021.0,Cerro Pelon
970,AEMP705,,,,,,,,2021.0,Sierra Chincua
971,AEMP914,,,,,,,,2021.0,El Rosario
972,AEMP917,,,,,,,,2021.0,Cerro Pelon
973,AEMP950,,,,,,,,2021.0,Cerro Pelon
974,AEMP953,,,,,,,,2021.0,Cerro Pelon
975,AEMP958,,,,,,,,2021.0,El Rosario
976,AEMP961,,,,,,,,2021.0,Sierra Chincua
977,AEMP963,,,,,,,,2021.0,El Rosario
978,AEMP993,,,,,,,,2021.0,Cerro Pelon
979,AEMR362,,,,,,,,2021.0,Cerro Pelon
980,AEMR403,,,,,,,,2021.0,El Rosario
981,AEMR416,,,,,,,,2021.0,El Rosario
982,AEMR426,,,,,,,,2021.0,Cerro Pelon
983,AEMR493,,,,,,,,2021.0,El Rosario
984,AEMR518,,,,,,,,2021.0,Cerro Pelon
985,AEMR526,,,,,,,,2021.0,Cerro Pelon
986,AEMR585,,,,,,,,2021.0,Sierra Chincua
987,AEMR687,,,,,,,,2021.0,El Rosario
988,AEMR731,,,,,,,,2021.0,El Rosario
989,AEMR901,,,,,,,,2021.0,Sierra Chincua
990,AEMS021,,,,,,,,2021.0,El Rosario
991,AEMS347,,,,,,,,2021.0,El Rosario
992,AEMS533,,,,,,,,2021.0,Cerro Pelon
993,AEMT204,,,,,,,,2021.0,El Rosario
994,AEMT723,,,,,,,,2021.0,El Rosario
995,AEMU382,,,,,,,,2021.0,Sierra Chincua
996,AEMU764,,,,,,,,2021.0,Sierra Chincua
997,AEMU776,,,,,,,,2021.0,Sierra Chincua
998,AEMU848,,,,,,,,2021.0,El Rosario
999,AEMW317,,,,,,,,2021.0,Cerro Pelon
1000,AEMW604,,,,,,,,2021.0,Cerro Pelon
1001,AEMW620,,,,,,,,2021.0,El Rosario
1002,AEMW634,,,,,,,,2021.0,El Rosario
1003,AEMW838,,,,,,,,2021.0,Cerro Pelon
1004,AEMW951,,,,,,,,2021.0,El Rosario
1005,AEMW969,,,,,,,,2021.0,El Rosario
1006,AEMW973,,,,,,,,2021.0,Cerro Pelon
1007,AEMW982,,,,,,,,2021.0,Cerro Pelon
1008,AEMX020,,,,,,,,2021.0,Cerro Pelon
1009,AEMX085,,,,,,,,2021.0,El Rosario
1010,AEMX116,,,,,,,,2021.0,El Rosario
1011,AEMX167,,,,,,,,2021.0,El Rosario
1012,AEMX214,,,,,,,,2021.0,El Rosario
1013,AEMX240,,,,,,,,2021.0,Sierra Chincua
1014,AEMX358,,,,,,,,2021.0,Cerro Pelon
1015,AEMX359,,,,,,,,2021.0,Cerro Pelon
1016,AEMX511,,,,,,,,2021.0,Cerro Pelon
1017,AEMY487,,,,,,,,2021.0,Sierra Chincua
1018,AEMZ806,,,,,,,,2021.0,El Rosario
1019,AENB026,,,,,,,,2021.0,Cerro Pelon
1020,AENC454,,,,,,,,2021.0,Cerro Pelon
1021,AENJ868,,,,,,,,2021.0,Cerro Pelon
1022,AENL778,,,,,,,,2021.0,Cerro Pelon
1023,AENM039,,,,,,,,2021.0,Cerro Pelon
1024,AENN928,,,,,,,,2021.0,El Rosario
1025,AENP677,,,,,,,,2021.0,Cerro Pelon
1026,AENP987,,,,,,,,2021.0,El Rosario
1027,AENR150,,,,,,,,2021.0,Cerro Pelon
1028,AENR403,,,,,,,,2021.0,El Rosario
1029,AENR667,,,,,,,,2021.0,El Rosario
1030,AENR794,,,,,,,,2021.0,El Rosario
1031,AENR800,,,,,,,,2021.0,Sierra Chincua
1032,AENR851,,,,,,,,2021.0,El Rosario
1033,AENR973,,,,,,,,2021.0,El Rosario
1034,AENS312,,,,,,,,2021.0,El Rosario
1035,AENS419,,,,,,,,2021.0,Cerro Pelon
1036,AENS443,,,,,,,,2021.0,Sierra Chincua
1037,AENS460,,,,,,,,2021.0,Cerro Pelon
1038,AENS489,,,,,,,,2021.0,Sierra Chincua
1039,AENT900,,,,,,,,2021.0,Sierra Chincua
1040,AENU410,,,,,,,,2021.0,Cerro Pelon
1041,AENU449,,,,,,,,2021.0,El Rosario
1042,AENU594,,,,,,,,2021.0,Cerro Pelon
1043,AENU673,,,,,,,,2021.0,El Rosario
1044,AENU810,,,,,,,,2021.0,Cerro Pelon
1045,AENW059,,,,,,,,2021.0,Cerro Pelon
1046,AENW292,,,,,,,,2021.0,El Rosario
1047,AENX802,,,,,,,,2021.0,El Rosario
1048,AEPA950,,,,,,,,2021.0,Cerro Pelon
1049,AEPB383,,,,,,,,2021.0,El Rosario
1050,AEPB389,,,,,,,,2021.0,Cerro Pelon
1051,AEPB492,,,,,,,,2021.0,Cerro Pelon
1052,AEPC451,,,,,,,,2021.0,El Rosario
1053,AEPC602,,,,,,,,2021.0,Cerro Pelon
1054,AEPC940,,,,,,,,2021.0,Cerro Pelon
1055,AEPC966,,,,,,,,2021.0,El Rosario
1056,AEPE858,,,,,,,,2021.0,El Rosario
1057,AEPG101,,,,,,,,2021.0,Cerro Pelon
1058,AEPG216,,,,,,,,2021.0,El Rosario
1059,AEPG603,,,,,,,,2021.0,El Rosario
1060,AEPH355,,,,,,,,2021.0,El Rosario
1061,AEPH700,,,,,,,,2021.0,Cerro Pelon
1062,AEPH757,,,,,,,,2021.0,Cerro Pelon
1063,AEPJ300,,,,,,,,2021.0,El Rosario
1064,AEPJ723,,,,,,,,2021.0,Cerro Pelon
1065,AEPL314,,,,,,,,2021.0,Cerro Pelon
1066,AEPM207,,,,,,,,2021.0,El Rosario
1067,AEPM524,,,,,,,,2021.0,El Rosario
1068,AEPM929,,,,,,,,2021.0,El Rosario
1069,AEPN709,,,,,,,,2021.0,Sierra Chincua
1070,AEPP187,,,,,,,,2021.0,El Rosario
1071,AEPP216,,,,,,,,2021.0,El Rosario
1072,AEPP356,,,,,,,,2021.0,El Rosario
1073,AEPP365,,,,,,,,2021.0,Sierra Chincua
1074,AEPP546,,,,,,,,2021.0,El Rosario
1075,AEPP585,,,,,,,,2021.0,El Rosario
1076,AEPP680,,,,,,,,2021.0,Cerro Pelon
1077,AEPP726,,,,,,,,2021.0,El Rosario
1078,AEPP739,,,,,,,,2021.0,Cerro Pelon
1079,AEPP745,,,,,,,,2021.0,Cerro Pelon
1080,AEPR731,,,,,,,,2021.0,El Rosario
1081,AEPS125,,,,,,,,2021.0,Cerro Pelon
1082,AEPS626,,,,,,,,2021.0,Cerro Pelon
1083,AEPY297,,,,,,,,2021.0,Cerro Pelon
1084,AEPY556,,,,,,,,2021.0,Cerro Pelon
1085,AEPZ136,,,,,,,,2021.0,El Rosario
1086,AERA484,,,,,,,,2021.0,Sierra Chincua
1087,AERA490,,,,,,,,2021.0,Cerro Pelon
1088,AERA589,,,,,,,,2021.0,Cerro Pelon
1089,AERB543,,,,,,,,2021.0,El Rosario
1090,AERB976,,,,,,,,2021.0,Sierra Chincua
1091,AERC735,,,,,,,,2021.0,El Rosario
1092,AERC756,,,,,,,,2021.0,El Rosario
1093,AERP807,,,,,,,,2021.0,El Rosario
1094,AERR569,,,,,,,,2021.0,Cerro Pelon
1095,AERS140,,,,,,,,2021.0,El Rosario
1096,AERS429,,,,,,,,2021.0,Cerro Pelon
1097,AERS438,,,,,,,,2021.0,El Rosario
1098,AERT007,,,,,,,,2021.0,El Rosario
1099,AERT659,,,,,,,,2021.0,El Rosario
1100,AERT830,,,,,,,,2021.0,El Rosario
1101,AERT978,,,,,,,,2021.0,Cerro Pelon
1102,AERU026,,,,,,,,2021.0,El Rosario
1103,AERU259,,,,,,,,2021.0,El Rosario
1104,AERU435,,,,,,,,2021.0,Cerro Pelon
1105,AERW031,,,,,,,,2021.0,El Rosario
1106,AERW141,,,,,,,,2021.0,El Rosario
1107,AERW463,,,,,,,,2021.0,Cerro Pelon
1108,AERW681,,,,,,,,2021.0,El Rosario
1109,AERX234,,,,,,,,2021.0,Cerro Pelon
1110,AERX840,,,,,,,,2021.0,Sierra Chincua
1111,AERX875,,,,,,,,2021.0,El Rosario
1112,AERX983,,,,,,,,2021.0,El Rosario
1113,AERY222,,,,,,,,2021.0,El Rosario
1114,AERY440,,,,,,,,2021.0,Cerro Pelon
1115,AERY466,,,,,,,,2021.0,Sierra Chincua
1116,AERY561,,,,,,,,2021.0,Cerro Pelon
1117,AERY654,,,,,,,,2021.0,El Rosario
1118,AERY881,,,,,,,,2021.0,El Rosario
1119,AERZ153,,,,,,,,2021.0,Cerro Pelon
1120,AERZ224,,,,,,,,2021.0,Cerro Pelon
1121,AERZ328,,,,,,,,2021.0,El Rosario
1122,AERZ571,,,,,,,,2021.0,El Rosario
1123,AERZ606,,,,,,,,2021.0,El Rosario
1124,AESB744,,,,,,,,2021.0,El Rosario
1125,AESB869,,,,,,,,2021.0,El Rosario
1126,AESH888,,,,,,,,2021.0,Sierra Chincua
1127,AESJ051,,,,,,,,2021.0,Cerro Pelon
1128,AESJ096,,,,,,,,2021.0,Cerro Pelon
1129,AESJ687,,,,,,,,2021.0,Sierra Chincua
1130,AESJ774,,,,,,,,2021.0,El Rosario
1131,AESL421,,,,,,,,2021.0,Sierra Chincua
1132,AESL538,,,,,,,,2021.0,El Rosario
1133,AESL678,,,,,,,,2021.0,El Rosario
1134,AESM949,,,,,,,,2021.0,El Rosario
1135,AESN048,,,,,,,,2021.0,Cerro Pelon
1136,AESP479,,,,,,,,2021.0,Cerro Pelon
1137,AESP559,,,,,,,,2021.0,El Rosario
1138,AESP664,,,,,,,,2021.0,El Rosario
1139,AESP671,,,,,,,,2021.0,El Rosario
1140,AESP876,,,,,,,,2021.0,El Rosario
1141,AESP896,,,,,,,,2021.0,El Rosario
1142,AESR010,,,,,,,,2021.0,El Rosario
1143,AESS604,,,,,,,,2021.0,El Rosario
1144,AEST756,,,,,,,,2021.0,Cerro Pelon
1145,AETB575,,,,,,,,2021.0,El Rosario
1146,AETE498,,,,,,,,2021.0,El Rosario
1147,AETE699,,,,,,,,2021.0,Sierra Chincua
1148,AETE721,,,,,,,,2021.0,El Rosario
1149,AETH400,,,,,,,,2021.0,Cerro Pelon
1150,AETJ439,,,,,,,,2021.0,El Rosario
1151,AETJ446,,,,,,,,2021.0,El Rosario
1152,AETJ715,,,,,,,,2021.0,El Rosario
1153,AETJ737,,,,,,,,2021.0,Cerro Pelon
1154,AETJ787,,,,,,,,2021.0,Cerro Pelon
1155,AETL259,,,,,,,,2021.0,El Rosario
1156,AETM767,,,,,,,,2021.0,El Rosario
1157,AETN952,,,,,,,,2021.0,El Rosario
1158,AETP303,,,,,,,,2021.0,El Rosario
1159,AETR580,,,,,,,,2021.0,Cerro Pelon
1160,AETR951,,,,,,,,2021.0,El Rosario
1161,AETS299,,,,,,,,2021.0,Cerro Pelon
1162,AETS597,,,,,,,,2021.0,Cerro Pelon
1163,AETW066,,,,,,,,2021.0,El Rosario
1164,AETW709,,,,,,,,2021.0,El Rosario
1165,AETX851,,,,,,,,2021.0,Cerro Pelon
1166,AETZ660,,,,,,,,2021.0,Cerro Pelon
1167,AETZ690,,,,,,,,2021.0,Sierra Chincua
1168,AEUA231,,,,,,,,2021.0,Cerro Pelon
1169,AEUB825,,,,,,,,2021.0,El Rosario
1170,AEUC702,,,,,,,,2021.0,Sierra Chincua
1171,AEUE860,,,,,,,,2021.0,Sierra Chincua
1172,AEUH154,,,,,,,,2021.0,Cerro Pelon
1173,AEUH770,,,,,,,,2021.0,El Rosario
1174,AEUH801,,,,,,,,2021.0,Cerro Pelon
1175,AEUH820,,,,,,,,2021.0,Cerro Pelon
1176,AEUH852,,,,,,,,2021.0,Cerro Pelon
1177,AEUL085,,,,,,,,2021.0,Sierra Chincua
1178,AEUL786,,,,,,,,2021.0,Cerro Pelon
1179,AEUM295,,,,,,,,2021.0,El Rosario
1180,AEUN177,,,,,,,,2021.0,Cerro Pelon
1181,AEUP953,,,,,,,,2021.0,El Rosario
1182,AEUR896,,,,,,,,2021.0,El Rosario
1183,AEUS197,,,,,,,,2021.0,Cerro Pelon
1184,AEUT415,,,,,,,,2021.0,El Rosario
1185,AEUU194,,,,,,,,2021.0,El Rosario
1186,AEUU852,,,,,,,,2021.0,El Rosario
1187,AEUU853,,,,,,,,2021.0,Sierra Chincua
1188,AEUX385,,,,,,,,2021.0,El Rosario
1189,AEUX525,,,,,,,,2021.0,El Rosario
1190,AEUX953,,,,,,,,2021.0,Cerro Pelon
1191,AEWA115,,,,,,,,2021.0,El Rosario
1192,AEWA611,,,,,,,,2021.0,El Rosario
1193,AEWA691,,,,,,,,2021.0,Cerro Pelon
1194,AEWA717,,,,,,,,2021.0,El Rosario
1195,AEWA724,,,,,,,,2021.0,El Rosario
1196,AEWA728,,,,,,,,2021.0,El Rosario
1197,AEWB105,,,,,,,,2021.0,El Rosario
1198,AEWC655,,,,,,,,2021.0,Cerro Pelon
1199,AEWC660,,,,,,,,2021.0,El Rosario
1200,AEWE279,,,,,,,,2021.0,Cerro Pelon
1201,AEWJ341,,,,,,,,2021.0,Sierra Chincua
1202,AEWJ758,,,,,,,,2021.0,El Rosario
1203,AEWL327,,,,,,,,2021.0,Cerro Pelon
1204,AEWM156,,,,,,,,2021.0,Cerro Pelon
1205,AEWM544,,,,,,,,2021.0,El Rosario
1206,AEWM552,,,,,,,,2021.0,El Rosario
1207,AEWS575,,,,,,,,2021.0,El Rosario
1208,AEWS612,,,,,,,,2021.0,Cerro Pelon
1209,AEWS782,,,,,,,,2021.0,El Rosario
1210,AEWS954,,,,,,,,2021.0,El Rosario
1211,AEWT321,,,,,,,,2021.0,Cerro Pelon
1212,AEWU254,,,,,,,,2021.0,El Rosario
1213,AEWU364,,,,,,,,2021.0,Cerro Pelon
1214,AEWW463,,,,,,,,2021.0,El Rosario
1215,AEWW700,,,,,,,,2021.0,El Rosario
1216,AEWW701,,,,,,,,2021.0,Cerro Pelon
1217,AEXA332,,,,,,,,2021.0,Cerro Pelon
1218,AEXB074,,,,,,,,2021.0,Cerro Pelon
1219,AEXB091,,,,,,,,2021.0,Sierra Chincua
1220,AEXB387,,,,,,,,2021.0,El Rosario
1221,AEXB542,,,,,,,,2021.0,El Rosario
1222,AEXB760,,,,,,,,2021.0,El Rosario
1223,AEXB798,,,,,,,,2021.0,El Rosario
1224,AEXE505,,,,,,,,2021.0,Cerro Pelon
1225,AEXG530,,,,,,,,2021.0,El Rosario
1226,AEXG571,,,,,,,,2021.0,El Rosario
1227,AEXG704,,,,,,,,2021.0,Cerro Pelon
1228,AEXM227,,,,,,,,2021.0,El Rosario
1229,AEXR931,,,,,,,,2021.0,Cerro Pelon
1230,AEXS753,,,,,,,,2021.0,El Rosario
1231,AEXZ997,,,,,,,,2021.0,Cerro Pelon
1232,AEY991,,,,,,,,2021.0,El Rosario
1233,AEYB687,,,,,,,,2021.0,El Rosario
1234,AEYE290,,,,,,,,2021.0,Sierra Chincua
1235,CKC055,,,,,,,,2021.0,El Rosario
1236,EHL735,,,,,,,,2021.0,El Rosario
1237,GMZ751,,,,,,,,2021.0,El Rosario
1238,HGA974,,,,,,,,2021.0,El Rosario
1239,NGX465,,,,,,,,2021.0,Cerro Pelon
1240,NJM739,,,,,,,,2021.0,Cerro Pelon
1241,NLR666,,,,,,,,2021.0,Cerro Pelon
1242,NPL657,,,,,,,,2021.0,El Rosario
1243,PHZ692,,,,,,,,2021.0,El Rosario
1244,PHZ781,,,,,,,,2021.0,El Rosario
1245,PQ821,,,,,,,,2021.0,El Rosario
1246,SGR172,,,,,,,,2021.0,El Rosario
1247,TF159,,,,,,,,2021.0,El Rosario
1248,TPA192,,,,,,,,2021.0,El Rosario
1249,UEB409,,,,,,,,2021.0,El Rosario
1250,UJN410,,,,,,,,2021.0,El Rosario
1251,UMA170,,,,,,,,2021.0,El Rosario
1252,UPN969,,,,,,,,2021.0,El Rosario
1253,WRP633,,,,,,,,2021.0,El Rosario
1254,XCH132,,,,,,,,2021.0,Cerro Pelon
1255,XPX778,,,,,,,,2021.0,Cerro Pelon
1256,XRT467,,,,,,,,2021.0,El Rosario
1257,XRX584,,,,,,,,2021.0,El Rosario
1258,YRE821,,,,,,,,2021.0,El Rosario
1259,YSE236,,,,,,,,2021.0,El Rosario
1260,YSX692,,,,,,,,2021.0,El Rosario
1261,YYJ835,,,,,,,,2021.0,Sierra Chincua
1262,YYJ913,,,,,,,,2021.0,Sierra Chincua
1263,ZAR016,,,,,,,,2021.0,Sierra Chincua
